id,first_name,last_name,email,gender,ip_address
1,Barnard,Bridgett,bbridgett0@independent.co.uk,Male,6.46.168.235
2,Cyndi,Sloan,csloan1@noaa.gov,Female,84.96.195.231
3,Cortie,Ewles,cewles2@people.com.cn,Male,10.250.232.222
4,Melony,Chitty,mchitty3@cisco.com,Female,136.217.72.131
5,Joyann,Paeckmeyer,jpaeckmeyer4@webnode.com,Female,58.25.244.203
6,Desmond,Gush,dgush5@cbsnews.com,Male,249.113.111.234
7,Glynis,Mongan,gmongan6@dailymotion.com,Female,242.250.236.159
8,Cecily,Naper,cnaper7@infoseek.co.jp,Female,114.231.30.2
9,Onfre,Gorringe,ogorringe8@usda.gov,Male,188.191.236.76
10,Joel,Spellacy,jspellacy9@nyu.edu,Male,130.198.71.111
11,Doralynn,Morse,dmorsea@mapy.cz,Female,47.55.139.232
12,Cristen,Arson,carsonb@scientificamerican.com,Female,228.111.33.56
13,Quintilla,Boobier,qboobierc@disqus.com,Non-binary,115.11.45.32
14,Maribel,Senchenko,msenchenkod@usgs.gov,Female,183.71.140.240
15,Robinetta,Halbert,rhalberte@wiley.com,Female,1.121.136.156
16,Chloe,Bromwich,cbromwichf@indiatimes.com,Female,254.83.151.50
17,Clary,Pinnere,cpinnereg@ucoz.ru,Non-binary,74.161.132.36
18,Cathie,Tullot,ctulloth@delicious.com,Female,171.51.44.39
19,Delila,Prettejohns,dprettejohnsi@studiopress.com,Female,208.88.42.131
20,Wenonah,Hutchinges,whutchingesj@imgur.com,Female,78.146.121.15
21,Dode,Laffan,dlaffank@disqus.com,Female,252.100.17.159
22,Clayborne,Shotbolt,cshotboltl@blogtalkradio.com,Male,89.34.118.52
23,Zondra,Kingzett,zkingzettm@ning.com,Female,113.21.180.145
24,Seamus,Huish,shuishn@a8.net,Male,131.39.116.223
25,Aloysius,Eddisforth,aeddisfortho@eepurl.com,Male,232.62.143.160
26,Murray,Cutchey,mcutcheyp@dmoz.org,Male,6.15.115.176
27,Wilden,Bail,wbailq@buzzfeed.com,Male,0.46.138.99
28,Waring,Spall,wspallr@samsung.com,Male,45.192.209.29
29,Marline,Bamling,mbamlings@mapquest.com,Female,82.58.246.139
30,Elfie,Noto,enotot@irs.gov,Female,120.30.175.186
31,Cort,Lathee,clatheeu@cargocollective.com,Male,128.244.238.33
32,Vittorio,Habble,vhabblev@instagram.com,Male,17.169.232.83
33,Annice,Capey,acapeyw@networksolutions.com,Female,137.67.94.114
34,Coop,Mulhall,cmulhallx@eepurl.com,Male,124.200.180.123
35,Templeton,Melburg,tmelburgy@geocities.jp,Male,192.160.178.40
36,Kippie,Rubinchik,krubinchikz@tinyurl.com,Female,188.24.91.216
37,Selia,Upham,supham10@cornell.edu,Female,24.150.43.40
38,Gardener,Magauran,gmagauran11@sohu.com,Male,167.203.141.178
39,Shaun,MacGaffey,smacgaffey12@ftc.gov,Bigender,164.201.246.240
40,Izaak,Vanyushin,ivanyushin13@census.gov,Male,125.147.68.70
41,Andrej,Lambricht,alambricht14@stumbleupon.com,Male,91.11.168.5
42,Piper,Darrington,pdarrington15@theglobeandmail.com,Female,111.225.130.89
43,Sela,Buttrey,sbuttrey16@newyorker.com,Female,75.106.146.143
44,Ruttger,Neumann,rneumann17@scribd.com,Male,250.239.80.54
45,Burg,Knudsen,bknudsen18@digg.com,Male,33.122.254.102
46,Emanuel,Peirazzi,epeirazzi19@wunderground.com,Male,238.118.33.64
47,Lotty,Ridding,lridding1a@go.com,Female,56.216.45.99
48,Raynard,St. Clair,rstclair1b@cargocollective.com,Male,164.237.123.232
49,Winn,McKelloch,wmckelloch1c@reddit.com,Male,188.145.235.184
50,Kimmy,Faveryear,kfaveryear1d@tinypic.com,Female,243.22.53.235
51,Aldo,Caraher,acaraher1e@umich.edu,Male,124.147.41.57
52,Arvin,Gontier,agontier1f@java.com,Male,36.199.91.112
53,Newton,Heales,nheales1g@bandcamp.com,Polygender,33.70.179.187
54,Kenon,Larrett,klarrett1h@nationalgeographic.com,Male,1.169.209.2
55,Rudiger,Roberson,rroberson1i@123-reg.co.uk,Male,182.200.51.60
56,Cobbie,Bartolommeo,cbartolommeo1j@foxnews.com,Male,24.61.168.84
57,Jaquenetta,Corking,jcorking1k@elpais.com,Female,76.220.218.75
58,Gennie,Gallamore,ggallamore1l@telegraph.co.uk,Female,184.251.121.249
59,Brett,Gagan,bgagan1m@gov.uk,Male,104.239.114.104
60,Nellie,Briiginshaw,nbriiginshaw1n@wiley.com,Female,85.56.101.126
61,Maddi,Batterson,mbatterson1o@netscape.com,Female,139.186.118.80
62,Alyosha,Carlone,acarlone1p@example.com,Male,176.59.115.20
63,Kevina,Beer,kbeer1q@miibeian.gov.cn,Female,109.236.145.65
64,Ardeen,Springall,aspringall1r@smugmug.com,Agender,163.34.40.138
65,Trista,Klossmann,tklossmann1s@plala.or.jp,Female,75.251.254.141
66,Eward,Lucus,elucus1t@ucla.edu,Male,74.47.42.243
67,Dorita,Moss,dmoss1u@php.net,Female,94.171.47.106
68,Dwight,Bagguley,dbagguley1v@domainmarket.com,Male,84.145.195.34
69,Meggy,Byron,mbyron1w@xinhuanet.com,Female,30.173.31.161
70,Max,Buney,mbuney1x@cnet.com,Genderqueer,89.189.225.95
71,Mercedes,Noye,mnoye1y@phpbb.com,Female,18.199.171.182
72,Troy,Glason,tglason1z@linkedin.com,Male,249.158.74.190
73,Con,Gilardi,cgilardi20@squidoo.com,Male,174.152.100.77
74,Casey,Dunseath,cdunseath21@marriott.com,Female,103.23.170.209
75,Ernaline,Monro,emonro22@dailymail.co.uk,Female,13.234.24.186
76,Rhona,Kingswood,rkingswood23@craigslist.org,Female,169.169.1.130
77,Cassandre,Theuff,ctheuff24@google.com,Female,102.151.77.61
78,Jecho,Whitwham,jwhitwham25@tuttocitta.it,Genderfluid,202.67.130.145
79,Kara,Vaneev,kvaneev26@ft.com,Female,77.32.154.223
80,Melanie,Durtnell,mdurtnell27@mapy.cz,Female,201.60.125.135
81,Vachel,Clear,vclear28@exblog.jp,Male,118.224.168.212
82,Leda,Peele,lpeele29@list-manage.com,Bigender,195.15.240.16
83,Boyce,Woehler,bwoehler2a@behance.net,Male,4.211.153.33
84,Van,Whittuck,vwhittuck2b@digg.com,Male,213.8.3.217
85,Rosabel,Lintin,rlintin2c@gravatar.com,Female,83.56.190.186
86,Ame,Bletcher,abletcher2d@etsy.com,Female,63.153.243.209
87,Kelby,Pigot,kpigot2e@e-recht24.de,Male,48.249.233.220
88,Waylon,Goldhawk,wgoldhawk2f@mysql.com,Male,63.227.101.14
89,Clementina,Bartholomew,cbartholomew2g@4shared.com,Female,145.137.235.217
90,Inesita,Early,iearly2h@jigsy.com,Female,188.40.28.27
91,Matti,McKinstry,mmckinstry2i@cisco.com,Female,10.245.22.222
92,Anton,Bryer,abryer2j@rediff.com,Male,128.159.208.96
93,Marin,Benedek,mbenedek2k@disqus.com,Female,96.120.212.51
94,Jaime,Harrod,jharrod2l@flickr.com,Male,108.63.136.79
95,Martguerita,Dilworth,mdilworth2m@networkadvertising.org,Female,252.174.193.132
96,Zackariah,Severs,zsevers2n@sogou.com,Male,192.29.84.37
97,Gunner,Morales,gmorales2o@opensource.org,Male,26.145.53.6
98,George,Edgett,gedgett2p@flavors.me,Male,37.181.179.252
99,Cody,Bosley,cbosley2q@hp.com,Male,120.168.146.81
100,Carlo,Blaney,cblaney2r@wordpress.org,Male,215.90.172.7
101,Findlay,Bortolomei,fbortolomei2s@elpais.com,Male,134.20.94.153
102,Mignon,Soppit,msoppit2t@pagesperso-orange.fr,Female,211.207.106.32
103,Alisun,Lashbrook,alashbrook2u@geocities.jp,Female,40.47.98.194
104,Lorraine,Consadine,lconsadine2v@miibeian.gov.cn,Female,123.102.60.76
105,Bunni,Gammel,bgammel2w@mlb.com,Female,99.241.184.10
106,Conan,Milsom,cmilsom2x@ucoz.com,Male,115.66.42.247
107,Seymour,Videneev,svideneev2y@networksolutions.com,Male,74.120.216.116
108,Kaylil,Pinkard,kpinkard2z@skype.com,Female,184.65.141.66
109,Lennard,Niccols,lniccols30@ask.com,Male,78.177.222.228
110,Shantee,Leach,sleach31@blogtalkradio.com,Female,132.119.102.130
111,Niles,Swancott,nswancott32@cloudflare.com,Male,15.51.193.199
112,Sherilyn,Grooby,sgrooby33@archive.org,Female,244.141.241.200
113,Timothy,Alp,talp34@nydailynews.com,Male,38.190.87.98
114,Dmitri,Godbold,dgodbold35@photobucket.com,Male,154.113.182.28
115,Brittany,Barosch,bbarosch36@wunderground.com,Female,97.249.48.71
116,Bob,Sellek,bsellek37@1688.com,Male,25.0.88.126
117,Clarita,Grima,cgrima38@unc.edu,Female,181.151.25.22
118,Ulrike,Noot,unoot39@purevolume.com,Female,128.173.110.20
119,Merola,Kimbrough,mkimbrough3a@dyndns.org,Female,88.29.173.165
120,Kirstyn,Scrymgeour,kscrymgeour3b@china.com.cn,Female,149.192.131.224
121,Antons,Brameld,abrameld3c@washington.edu,Male,226.203.73.57
122,Iver,Loveless,iloveless3d@mozilla.com,Male,78.55.188.233
123,Kelsy,Ullyott,kullyott3e@ed.gov,Female,243.161.108.58
124,Enoch,Corbet,ecorbet3f@ehow.com,Male,193.112.225.112
125,Sawyer,Boast,sboast3g@typepad.com,Male,130.116.115.51
126,Florencia,Huggill,fhuggill3h@w3.org,Female,30.104.11.12
127,Mauricio,Elt,melt3i@abc.net.au,Male,30.17.111.226
128,Hermine,Impy,himpy3j@symantec.com,Female,198.100.207.72
129,Heida,Lea,hlea3k@netvibes.com,Female,54.86.188.181
130,Bentley,Rainey,brainey3l@oaic.gov.au,Male,37.235.203.11
131,Bernie,Massingberd,bmassingberd3m@cisco.com,Male,221.222.249.3
132,Florenza,Silkston,fsilkston3n@youku.com,Female,74.202.134.100
133,Eleonora,Plewman,eplewman3o@bloglines.com,Female,79.46.8.250
134,Costa,Caesar,ccaesar3p@youtube.com,Male,133.198.241.106
135,Judas,Kelner,jkelner3q@prnewswire.com,Male,99.1.235.174
136,Gradeigh,Grattage,ggrattage3r@t.co,Male,12.156.141.20
137,Michele,Bader,mbader3s@networkadvertising.org,Female,106.62.39.161
138,Jesse,Worthy,jworthy3t@newyorker.com,Female,238.59.216.28
139,Carlene,Eastam,ceastam3u@state.gov,Female,33.46.217.221
140,Noak,Kydd,nkydd3v@paypal.com,Male,19.135.65.202
141,Fancy,Maseres,fmaseres3w@theguardian.com,Female,204.135.205.246
142,Misty,Dunge,mdunge3x@sohu.com,Female,203.25.238.226
143,Omar,Brimelow,obrimelow3y@wisc.edu,Male,229.254.52.4
144,Desirae,Teaze,dteaze3z@narod.ru,Female,16.201.167.207
145,Aubrie,Espine,aespine40@abc.net.au,Female,156.108.250.162
146,Gannon,Girod,ggirod41@blogs.com,Male,34.216.153.239
147,Winfield,Fuentes,wfuentes42@chronoengine.com,Male,179.121.22.0
148,Nevil,Heavens,nheavens43@privacy.gov.au,Male,210.112.38.229
149,Geri,Pischof,gpischof44@ebay.co.uk,Female,23.108.22.67
150,Sigismund,Calltone,scalltone45@newsvine.com,Male,175.39.33.57
151,Kristan,Simoneschi,ksimoneschi46@pcworld.com,Female,135.246.199.235
152,Melisent,Petheridge,mpetheridge47@cbslocal.com,Female,84.208.206.3
153,Nickie,Clampton,nclampton48@springer.com,Female,143.53.88.112
154,Emmott,De Leek,edeleek49@cyberchimps.com,Male,201.102.201.48
155,Waylon,Barfitt,wbarfitt4a@360.cn,Male,159.147.215.251
156,Gwenora,Larwell,glarwell4b@scientificamerican.com,Female,108.253.193.128
157,Izabel,Reid,ireid4c@google.co.jp,Female,1.5.224.152
158,Chic,Dare,cdare4d@ask.com,Male,45.157.1.44
159,Archie,Nicolls,anicolls4e@sciencedaily.com,Male,102.40.123.240
160,Cyril,Mowle,cmowle4f@hostgator.com,Male,142.25.200.244
161,Lorettalorna,Itzkovwitch,litzkovwitch4g@trellian.com,Female,10.60.121.156
162,Amery,Drever,adrever4h@home.pl,Male,166.216.6.151
163,Cicely,Castanie,ccastanie4i@walmart.com,Female,7.191.111.26
164,Tim,Rettie,trettie4j@taobao.com,Non-binary,147.154.76.134
165,Bernadene,Sent,bsent4k@sciencedirect.com,Female,172.252.209.190
166,Kris,Betterton,kbetterton4l@reverbnation.com,Male,186.188.188.101
167,Noll,Probbings,nprobbings4m@hugedomains.com,Male,233.106.37.181
168,Riobard,Ruecastle,rruecastle4n@tmall.com,Male,165.142.145.213
169,Wallache,Rubartelli,wrubartelli4o@qq.com,Male,175.205.161.21
170,Henrietta,Saunier,hsaunier4p@theguardian.com,Genderfluid,207.0.208.214
171,Chad,Briatt,cbriatt4q@dedecms.com,Male,76.53.147.122
172,Anthia,Meir,ameir4r@cmu.edu,Female,60.1.52.218
173,Reidar,Odda,rodda4s@harvard.edu,Male,109.71.144.183
174,Brock,Jacob,bjacob4t@chicagotribune.com,Male,136.117.2.112
175,Rob,Quarmby,rquarmby4u@geocities.jp,Male,64.247.75.163
176,Cory,McIlwraith,cmcilwraith4v@etsy.com,Non-binary,233.50.48.248
177,Teddie,Morphet,tmorphet4w@geocities.com,Female,137.147.172.218
178,Reagan,Keddey,rkeddey4x@epa.gov,Male,228.144.37.74
179,Bobbie,Fuzzey,bfuzzey4y@china.com.cn,Male,150.65.104.2
180,Kippie,Primo,kprimo4z@gravatar.com,Male,83.176.60.231
181,Wilek,Bolam,wbolam50@webmd.com,Male,55.189.231.184
182,Curtis,Tomczak,ctomczak51@vistaprint.com,Male,107.236.185.27
183,Sharai,Tadgell,stadgell52@mapquest.com,Female,21.230.33.138
184,Davon,Kitley,dkitley53@merriam-webster.com,Male,52.109.228.105
185,Annabela,Bordis,abordis54@narod.ru,Female,43.22.96.202
186,Almira,Landrean,alandrean55@indiatimes.com,Non-binary,191.174.139.53
187,Toinette,Cometson,tcometson56@gravatar.com,Female,106.20.45.206
188,Patten,Napoleon,pnapoleon57@blogger.com,Male,122.163.64.214
189,Aurore,Mackrill,amackrill58@free.fr,Female,37.237.43.80
190,Mandie,Wytchard,mwytchard59@mail.ru,Female,10.231.185.2
191,Claudia,Trubshawe,ctrubshawe5a@upenn.edu,Genderqueer,242.158.172.63
192,Laurene,Udall,ludall5b@feedburner.com,Female,96.192.179.97
193,Bud,Cuniffe,bcuniffe5c@latimes.com,Male,184.134.156.46
194,Evangelia,Prout,eprout5d@abc.net.au,Female,41.246.82.33
195,Myles,Heeney,mheeney5e@ovh.net,Male,99.55.26.127
196,Clair,Baffin,cbaffin5f@photobucket.com,Male,73.218.129.129
197,Dean,Hamlet,dhamlet5g@phoca.cz,Male,57.151.74.0
198,Helli,Kobierzycki,hkobierzycki5h@i2i.jp,Female,97.106.86.17
199,Katine,MacMenemy,kmacmenemy5i@craigslist.org,Female,25.30.240.133
200,Olimpia,Woolvett,owoolvett5j@hatena.ne.jp,Female,234.196.79.128
201,Garfield,Duthie,gduthie5k@google.com,Male,104.50.46.25
202,Rogers,Weston,rweston5l@irs.gov,Male,27.46.108.111
203,Irena,Goodspeed,igoodspeed5m@cornell.edu,Female,186.61.38.158
204,Terri,Shelmardine,tshelmardine5n@google.com.hk,Female,81.52.234.215
205,Cobby,Bariball,cbariball5o@soundcloud.com,Male,146.19.64.203
206,Tabb,Abbison,tabbison5p@usda.gov,Male,163.205.118.121
207,Zabrina,Coleridge,zcoleridge5q@sakura.ne.jp,Female,72.16.155.190
208,Merrie,Jenny,mjenny5r@census.gov,Female,211.138.57.5
209,Gayle,Stuckes,gstuckes5s@wufoo.com,Male,153.176.109.248
210,Conny,Van Leijs,cvanleijs5t@flickr.com,Male,211.157.143.48
211,Lorene,McClinton,lmcclinton5u@google.it,Polygender,97.27.150.244
212,Jenny,Doige,jdoige5v@sogou.com,Female,188.130.152.155
213,Myrta,Earpe,mearpe5w@tinyurl.com,Female,121.42.236.237
214,Worthy,Trencher,wtrencher5x@wp.com,Male,144.132.191.148
215,Bernarr,Huey,bhuey5y@mail.ru,Male,46.151.4.79
216,Glenn,Sherrell,gsherrell5z@google.fr,Male,172.124.33.243
217,Seward,Broadey,sbroadey60@telegraph.co.uk,Male,245.123.100.27
218,Sheryl,Knutsen,sknutsen61@e-recht24.de,Female,217.173.230.119
219,Caty,Pitkeathly,cpitkeathly62@wufoo.com,Female,202.153.189.116
220,Melitta,Bilbrey,mbilbrey63@alibaba.com,Female,107.131.242.102
221,Carmine,Arnaut,carnaut64@woothemes.com,Male,252.175.21.140
222,Carmen,Petrishchev,cpetrishchev65@biblegateway.com,Female,210.179.83.248
223,Finley,Meah,fmeah66@mashable.com,Male,222.126.201.39
224,Cole,Josefer,cjosefer67@phoca.cz,Male,88.201.217.58
225,Beltran,Domange,bdomange68@about.com,Non-binary,179.221.80.111
226,Em,Tinto,etinto69@aboutads.info,Female,206.1.210.80
227,Bill,Pilmoor,bpilmoor6a@quantcast.com,Female,230.9.106.123
228,Hurley,ducarme,hducarme6b@pbs.org,Male,23.194.81.60
229,Marlie,Handscomb,mhandscomb6c@quantcast.com,Female,112.209.86.113
230,Lawton,Feltham,lfeltham6d@bing.com,Male,195.161.14.201
231,Friedrick,Hartwright,fhartwright6e@godaddy.com,Male,107.164.170.91
232,Penelopa,Sweedy,psweedy6f@hostgator.com,Female,197.212.63.178
233,Rodrick,Eaglen,reaglen6g@wiley.com,Male,183.29.240.24
234,Griselda,Stoney,gstoney6h@altervista.org,Female,154.239.126.72
235,Rhianna,Antonelli,rantonelli6i@chicagotribune.com,Female,94.178.153.56
236,Shena,Readshall,sreadshall6j@ibm.com,Female,242.210.85.132
237,Ulick,Beacon,ubeacon6k@mediafire.com,Male,51.212.103.123
238,Cassie,Alsopp,calsopp6l@digg.com,Male,112.192.248.68
239,Nance,Guidoni,nguidoni6m@so-net.ne.jp,Female,149.9.45.103
240,Marice,Dale,mdale6n@tamu.edu,Female,135.47.211.208
241,Isa,Lindores,ilindores6o@oakley.com,Male,21.98.183.103
242,Humberto,Damiral,hdamiral6p@army.mil,Genderfluid,88.184.73.170
243,Candi,Leeves,cleeves6q@thetimes.co.uk,Female,97.115.176.179
244,Alvin,Worboy,aworboy6r@privacy.gov.au,Male,15.231.160.52
245,Gifford,Sharrem,gsharrem6s@simplemachines.org,Male,194.153.185.189
246,Perle,Patrick,ppatrick6t@ycombinator.com,Female,118.32.200.164
247,Bernardo,Eby,beby6u@unc.edu,Male,168.213.174.49
248,Lorie,Georgot,lgeorgot6v@jimdo.com,Female,147.193.137.236
249,Kimbell,Norvel,knorvel6w@typepad.com,Male,66.112.0.100
250,Fan,Korneev,fkorneev6x@thetimes.co.uk,Female,60.228.114.79
251,Carlyle,Thyer,cthyer6y@chicagotribune.com,Male,215.236.79.39
252,Felipe,MacLaverty,fmaclaverty6z@dedecms.com,Male,40.140.189.27
253,Violante,Ellif,vellif70@lulu.com,Female,123.51.138.179
254,Cobby,Roscow,croscow71@apache.org,Male,46.107.48.111
255,Sampson,Liversedge,sliversedge72@umich.edu,Male,122.79.44.14
256,Ozzy,Duck,oduck73@multiply.com,Bigender,36.216.73.155
257,Gabriel,Odhams,godhams74@ebay.com,Male,66.85.5.168
258,Gennifer,Stennes,gstennes75@aol.com,Female,155.34.66.169
259,Stu,Bowles,sbowles76@gov.uk,Male,85.7.48.223
260,Vito,Bautiste,vbautiste77@amazonaws.com,Polygender,194.98.136.243
261,Amaleta,Lycett,alycett78@prlog.org,Female,216.20.112.129
262,Lexis,Dibsdale,ldibsdale79@redcross.org,Female,222.165.175.27
263,Reg,Bloodworthe,rbloodworthe7a@wsj.com,Male,0.88.150.226
264,Faustine,Impey,fimpey7b@shutterfly.com,Female,140.60.82.218
265,Marlowe,Albury,malbury7c@taobao.com,Male,143.33.42.13
266,Riobard,Goodluck,rgoodluck7d@hud.gov,Male,25.241.184.102
267,Any,Copo,acopo7e@wordpress.com,Male,152.122.251.243
268,Giraud,Trevett,gtrevett7f@wunderground.com,Male,119.27.198.191
269,Kanya,Jeremiah,kjeremiah7g@pcworld.com,Genderqueer,8.43.73.25
270,Elias,Graddon,egraddon7h@google.nl,Male,163.185.208.43
271,Heidi,Sivyour,hsivyour7i@cdc.gov,Female,12.166.54.131
272,Ronny,Caveill,rcaveill7j@narod.ru,Female,254.131.135.100
273,Trueman,Skpsey,tskpsey7k@buzzfeed.com,Male,45.215.8.18
274,Rowena,Mugleston,rmugleston7l@rediff.com,Female,33.140.146.63
275,Trescha,Titford,ttitford7m@wufoo.com,Female,99.248.206.236
276,Daphne,Deave,ddeave7n@usatoday.com,Female,72.23.228.175
277,Verney,Gaylord,vgaylord7o@earthlink.net,Male,186.115.4.120
278,Remy,Simka,rsimka7p@tripadvisor.com,Female,65.153.138.88
279,Silvanus,Ruggen,sruggen7q@ustream.tv,Male,98.252.32.241
280,Anabelle,Wernher,awernher7r@globo.com,Genderqueer,229.26.180.243
281,Jobie,Almond,jalmond7s@discovery.com,Female,225.195.150.254
282,Anderea,Vasilkov,avasilkov7t@walmart.com,Female,24.56.239.121
283,Pieter,Taffrey,ptaffrey7u@youtu.be,Genderqueer,83.178.114.208
284,Jeth,Ickowics,jickowics7v@nasa.gov,Male,232.100.79.141
285,Valentina,Foxall,vfoxall7w@miibeian.gov.cn,Female,224.240.215.70
286,Agatha,Mereweather,amereweather7x@wisc.edu,Female,186.30.155.90
287,Ryon,Deeth,rdeeth7y@theguardian.com,Male,145.75.72.245
288,Borden,Gley,bgley7z@twitpic.com,Male,228.182.103.5
289,Salomone,Heatlie,sheatlie80@sina.com.cn,Male,236.148.106.4
290,Florrie,Iacovelli,fiacovelli81@walmart.com,Female,58.246.49.17
291,Luther,McNea,lmcnea82@weibo.com,Male,243.80.79.228
292,Archambault,Guillond,aguillond83@amazonaws.com,Male,222.92.154.158
293,Lane,Skeels,lskeels84@dagondesign.com,Male,55.2.174.169
294,Adora,Seamans,aseamans85@microsoft.com,Female,57.200.43.43
295,Egan,Lenihan,elenihan86@tripadvisor.com,Male,16.153.115.174
296,Veronique,Bennis,vbennis87@webmd.com,Female,156.205.125.83
297,Amy,Peet,apeet88@jugem.jp,Female,56.207.152.27
298,Gabriell,De Gouy,gdegouy89@wikipedia.org,Agender,196.20.254.206
299,Druci,Withrop,dwithrop8a@elegantthemes.com,Female,200.75.43.10
300,Augy,Gumb,agumb8b@hud.gov,Male,23.14.119.223
301,Fremont,Houlaghan,fhoulaghan8c@netscape.com,Male,149.232.187.50
302,Winslow,Petegree,wpetegree8d@usa.gov,Male,122.78.8.217
303,Margy,Degenhardt,mdegenhardt8e@google.com,Female,219.221.229.130
304,Rowney,Garrud,rgarrud8f@bandcamp.com,Male,253.181.6.90
305,Niki,Purcell,npurcell8g@seattletimes.com,Female,9.177.210.58
306,Tripp,Stearley,tstearley8h@ovh.net,Male,0.121.159.34
307,Bryana,Huggens,bhuggens8i@ihg.com,Female,50.168.154.227
308,Laurette,Georg,lgeorg8j@tumblr.com,Female,159.51.225.164
309,Shadow,Lengthorn,slengthorn8k@squarespace.com,Non-binary,186.82.45.92
310,Jarid,Mahody,jmahody8l@pbs.org,Male,48.97.242.169
311,Neddie,Eastwood,neastwood8m@webs.com,Male,57.23.246.80
312,Cortney,Pollock,cpollock8n@toplist.cz,Female,210.254.146.5
313,Lynea,Grogono,lgrogono8o@networkadvertising.org,Female,220.240.244.85
314,Carlos,Davy,cdavy8p@dell.com,Male,254.214.123.12
315,Chanda,Blanche,cblanche8q@nationalgeographic.com,Female,18.217.200.136
316,Bryan,Westcarr,bwestcarr8r@tuttocitta.it,Male,149.195.200.137
317,Cherianne,Gonthard,cgonthard8s@fastcompany.com,Female,251.192.208.47
318,Shelbi,Eddleston,seddleston8t@bizjournals.com,Female,188.246.164.77
319,Eolande,Smalman,esmalman8u@discuz.net,Female,100.218.112.111
320,Marissa,Shillabeer,mshillabeer8v@seesaa.net,Genderfluid,32.248.7.120
321,Anallese,Wyard,awyard8w@answers.com,Female,124.169.172.195
322,Wayland,Hallmark,whallmark8x@com.com,Male,68.9.189.215
323,Juline,Burdge,jburdge8y@163.com,Female,242.183.211.188
324,Parker,Folli,pfolli8z@businesswire.com,Male,204.70.167.56
325,Dorolice,Jeaycock,djeaycock90@tripod.com,Female,64.23.173.192
326,Filbert,Kollatsch,fkollatsch91@un.org,Male,214.30.4.49
327,Bob,Foote,bfoote92@wiley.com,Male,110.58.29.255
328,Herc,Ovesen,hovesen93@unblog.fr,Male,234.160.134.138
329,Starr,Orys,sorys94@cyberchimps.com,Female,1.254.165.193
330,Huntley,Wotton,hwotton95@pen.io,Male,101.87.50.120
331,Dell,Druce,ddruce96@youtube.com,Male,164.31.240.243
332,Englebert,Tregoning,etregoning97@blinklist.com,Male,92.194.204.44
333,Filberte,Speke,fspeke98@tripod.com,Male,210.106.237.200
334,Heidie,Baynard,hbaynard99@independent.co.uk,Agender,206.46.222.192
335,Terence,Thurman,tthurman9a@marriott.com,Male,91.97.76.228
336,Maurice,Dmitr,mdmitr9b@ca.gov,Male,145.183.37.163
337,Angie,Killick,akillick9c@usa.gov,Female,83.203.97.1
338,Zara,Cornehl,zcornehl9d@google.com.au,Female,245.192.112.4
339,Armstrong,Klassmann,aklassmann9e@huffingtonpost.com,Male,235.127.19.198
340,Lev,Rathe,lrathe9f@nasa.gov,Male,40.121.90.195
341,Christine,Danieli,cdanieli9g@pagesperso-orange.fr,Female,143.218.232.103
342,Ferguson,Scroxton,fscroxton9h@free.fr,Polygender,33.219.40.254
343,Friedrich,Maymand,fmaymand9i@nydailynews.com,Male,220.249.92.212
344,Florri,Challenger,fchallenger9j@newyorker.com,Female,130.66.106.162
345,Meyer,Wombwell,mwombwell9k@fotki.com,Male,37.229.97.177
346,Dorthea,Warret,dwarret9l@ning.com,Female,125.160.243.89
347,Jabez,Wakley,jwakley9m@usda.gov,Male,18.101.242.37
348,Torey,Dearle-Palser,tdearlepalser9n@samsung.com,Male,82.30.227.209
349,Esra,Kleiner,ekleiner9o@google.pl,Male,232.98.185.99
350,Warren,Dockray,wdockray9p@google.co.jp,Non-binary,75.113.133.187
351,Sheilakathryn,Chudleigh,schudleigh9q@devhub.com,Female,23.191.170.35
352,Davide,Scoggan,dscoggan9r@fema.gov,Male,93.149.228.101
353,Melba,Oughtright,moughtright9s@ehow.com,Female,6.70.84.11
354,Leigh,Eake,leake9t@cornell.edu,Female,192.45.251.25
355,Mendie,Helstrip,mhelstrip9u@storify.com,Male,255.49.72.67
356,Romona,Bridgewood,rbridgewood9v@de.vu,Female,92.243.129.59
357,Lacie,Newark,lnewark9w@google.co.uk,Non-binary,187.6.1.237
358,Inesita,Alibone,ialibone9x@independent.co.uk,Female,184.204.250.80
359,Balduin,Garnall,bgarnall9y@rakuten.co.jp,Male,235.224.234.181
360,Maybelle,Spaven,mspaven9z@w3.org,Female,237.188.92.190
361,Carissa,Mewes,cmewesa0@cornell.edu,Female,31.254.61.197
362,Prent,Rouff,prouffa1@nba.com,Male,44.111.182.67
363,Purcell,Korneev,pkorneeva2@indiatimes.com,Male,50.87.202.180
364,Michele,Parcell,mparcella3@tinyurl.com,Male,249.100.121.189
365,Cosme,O'dell,codella4@reference.com,Non-binary,78.207.121.203
366,Earl,Montacute,emontacutea5@auda.org.au,Male,184.112.113.60
367,Nathanial,Avrasin,navrasina6@google.it,Male,202.226.131.103
368,Quint,Dainton,qdaintona7@samsung.com,Polygender,87.225.58.224
369,Yetta,Hollidge,yhollidgea8@reddit.com,Female,137.39.216.113
370,Fanchon,Grimsdike,fgrimsdikea9@photobucket.com,Female,208.218.224.156
371,Betsy,Haggarty,bhaggartyaa@booking.com,Female,207.22.96.13
372,Gwyn,Lightowlers,glightowlersab@ycombinator.com,Female,229.222.107.161
373,Aldon,Garnall,agarnallac@arstechnica.com,Bigender,90.117.7.71
374,Timothee,Ferrey,tferreyad@nytimes.com,Male,41.126.97.61
375,Berget,Drinkwater,bdrinkwaterae@booking.com,Female,203.245.39.99
376,Nickola,Ellwell,nellwellaf@amazon.co.uk,Male,236.84.220.160
377,Odetta,Carlet,ocarletag@businessweek.com,Female,187.119.31.112
378,Jenny,Olivas,jolivasah@cisco.com,Female,158.65.94.44
379,Cathrin,Dolder,cdolderai@myspace.com,Female,106.68.219.127
380,Star,Ostler,sostleraj@macromedia.com,Female,232.55.76.176
381,Wells,Arnaudon,warnaudonak@typepad.com,Male,248.15.165.187
382,Agustin,McGilleghole,amcgillegholeal@t.co,Male,37.83.199.49
383,Mufi,Menchenton,mmenchentonam@telegraph.co.uk,Female,40.129.145.104
384,Sallyann,Steers,ssteersan@quantcast.com,Female,238.38.178.229
385,Jemie,Verner,jvernerao@ihg.com,Female,196.104.188.108
386,Cornelius,Brownlea,cbrownleaap@answers.com,Male,200.134.7.63
387,Gaylene,Baitson,gbaitsonaq@umich.edu,Female,28.101.100.80
388,Tadio,Saenz,tsaenzar@ameblo.jp,Male,11.200.195.192
389,Janela,Nudds,jnuddsas@geocities.com,Female,241.106.182.45
390,Trstram,Tyrrell,ttyrrellat@seesaa.net,Male,193.25.234.178
391,Merola,Slevin,mslevinau@who.int,Female,103.214.210.175
392,Cristiano,Giron,cgironav@moonfruit.com,Male,55.25.105.137
393,Honoria,Leaburn,hleaburnaw@hatena.ne.jp,Female,64.217.227.163
394,Katharina,Glave,kglaveax@addtoany.com,Female,119.163.101.124
395,Jarib,Kruschov,jkruschovay@webnode.com,Male,203.26.207.184
396,Linnie,Ruffle,lruffleaz@abc.net.au,Female,211.83.241.254
397,Ailina,Frayn,afraynb0@flavors.me,Female,63.28.92.55
398,Amelina,Reardon,areardonb1@facebook.com,Female,32.142.234.13
399,Karee,Keher,kkeherb2@guardian.co.uk,Female,139.153.72.251
400,Risa,Lynd,rlyndb3@mapy.cz,Female,243.69.42.13
401,Corrianne,Fullegar,cfullegarb4@weather.com,Female,245.158.17.6
402,Lucita,Cattonnet,lcattonnetb5@umn.edu,Female,96.67.59.103
403,Charmaine,Dawnay,cdawnayb6@jiathis.com,Polygender,199.242.8.84
404,Marie-jeanne,Tunaclift,mtunacliftb7@tuttocitta.it,Non-binary,251.48.21.230
405,Wallache,Capenor,wcapenorb8@twitpic.com,Male,214.130.8.238
406,Berti,Capelow,bcapelowb9@hatena.ne.jp,Male,151.240.92.201
407,Seward,Coppledike,scoppledikeba@ovh.net,Male,51.15.191.130
408,Sigrid,Gendrich,sgendrichbb@behance.net,Female,152.109.100.23
409,Ammamaria,Atyeo,aatyeobc@blogs.com,Female,69.239.152.122
410,Lombard,Grunguer,lgrunguerbd@ezinearticles.com,Male,103.48.106.188
411,Nicolea,Conaghan,nconaghanbe@theguardian.com,Female,122.250.194.161
412,Consalve,Waddilove,cwaddilovebf@hp.com,Male,72.223.49.155
413,Hildegarde,Beric,hbericbg@delicious.com,Female,121.81.131.49
414,Grover,Tetlow,gtetlowbh@discovery.com,Male,148.68.214.20
415,Jaime,Hempshall,jhempshallbi@paginegialle.it,Bigender,159.92.60.98
416,Gaby,Dorricott,gdorricottbj@unblog.fr,Male,201.181.14.199
417,Pattie,Budik,pbudikbk@tamu.edu,Male,161.14.206.142
418,Clarence,Pye,cpyebl@linkedin.com,Male,244.39.111.242
419,Gates,Paddeley,gpaddeleybm@purevolume.com,Female,106.198.125.207
420,Eolanda,Willoway,ewillowaybn@geocities.com,Female,155.124.231.129
421,Jenica,Ashment,jashmentbo@dedecms.com,Female,143.110.167.85
422,Mahala,Pavlovic,mpavlovicbp@buzzfeed.com,Female,54.69.125.90
423,Burlie,Fissenden,bfissendenbq@imageshack.us,Male,200.195.84.163
424,Brooke,Spradbery,bspradberybr@google.ca,Male,20.157.153.160
425,Renate,Crackett,rcrackettbs@bloomberg.com,Female,212.241.60.240
426,Fawne,Stonebridge,fstonebridgebt@fema.gov,Female,220.79.82.208
427,Constantine,Espinoy,cespinoybu@instagram.com,Agender,48.50.56.243
428,Barbey,Fishby,bfishbybv@lulu.com,Female,188.166.187.113
429,Prince,Worster,pworsterbw@rambler.ru,Non-binary,178.31.216.143
430,Charmine,Ladd,claddbx@jugem.jp,Female,105.57.132.220
431,Claire,Snaith,csnaithby@tumblr.com,Female,193.132.96.35
432,Ronna,Leythley,rleythleybz@csmonitor.com,Female,197.10.183.235
433,Job,Emeny,jemenyc0@usda.gov,Male,67.114.249.15
434,Knox,Lashmore,klashmorec1@amazonaws.com,Male,51.245.241.21
435,Herc,Tissington,htissingtonc2@jiathis.com,Male,240.26.159.253
436,Avigdor,Sagar,asagarc3@woothemes.com,Male,212.188.190.116
437,Stacia,Hansill,shansillc4@networksolutions.com,Female,227.78.81.34
438,Neille,Cartmel,ncartmelc5@engadget.com,Female,194.114.82.230
439,Baxy,Coppen,bcoppenc6@wikipedia.org,Male,159.219.131.197
440,Dexter,Dryburgh,ddryburghc7@state.tx.us,Male,118.244.6.159
441,Alley,Clayal,aclayalc8@google.de,Male,230.51.19.38
442,Monte,Martinek,mmartinekc9@mapy.cz,Male,39.58.209.49
443,Lemmy,Kloss,lklossca@census.gov,Non-binary,94.19.120.3
444,Hyacinthia,Lucia,hluciacb@scribd.com,Non-binary,75.200.85.249
445,Lincoln,Leroy,lleroycc@blogger.com,Male,88.92.138.141
446,Paulette,Fearnley,pfearnleycd@tuttocitta.it,Female,61.146.177.171
447,Gordie,Byass,gbyassce@omniture.com,Male,50.49.165.127
448,Christine,Birch,cbirchcf@is.gd,Non-binary,104.97.217.3
449,Aurelie,Kelledy,akelledycg@state.gov,Female,60.45.81.187
450,Shawna,MacSween,smacsweench@cnn.com,Female,155.40.246.52
451,Tyrus,Frome,tfromeci@flavors.me,Male,172.74.107.135
452,Amandi,Martine,amartinecj@symantec.com,Female,131.69.84.98
453,Corrine,O'Kuddyhy,cokuddyhyck@ucla.edu,Female,255.136.141.65
454,Teri,Edison,tedisoncl@nature.com,Genderfluid,213.68.39.203
455,Cathrine,Merwe,cmerwecm@sciencedaily.com,Female,157.43.194.144
456,Archibold,Lettington,alettingtoncn@sourceforge.net,Male,80.92.28.168
457,Dukey,Woollons,dwoollonsco@upenn.edu,Male,30.16.143.174
458,Onofredo,Pinyon,opinyoncp@163.com,Male,128.33.217.128
459,Dana,Ziemsen,dziemsencq@bloglovin.com,Male,78.108.131.252
460,Forbes,Mewett,fmewettcr@ocn.ne.jp,Male,29.35.96.182
461,Lanie,Pillans,lpillanscs@dagondesign.com,Genderqueer,203.52.97.236
462,Kennett,Loreit,kloreitct@ibm.com,Male,112.159.20.223
463,Merv,McArt,mmcartcu@constantcontact.com,Male,74.66.48.221
464,Raymond,Betham,rbethamcv@gravatar.com,Male,192.114.157.156
465,Celia,Vossing,cvossingcw@gizmodo.com,Female,34.97.159.58
466,Francesco,Errigo,ferrigocx@jugem.jp,Male,211.98.83.144
467,Mari,Balbeck,mbalbeckcy@macromedia.com,Female,19.103.90.202
468,Krispin,Prandi,kprandicz@mapquest.com,Male,125.98.208.43
469,Meredeth,Clewlowe,mclewlowed0@is.gd,Male,10.133.135.44
470,Misha,Wallbrook,mwallbrookd1@un.org,Genderqueer,32.237.68.135
471,Esme,MacLaverty,emaclavertyd2@tripadvisor.com,Female,142.98.53.118
472,Barrie,Duval,bduvald3@unblog.fr,Bigender,219.105.162.233
473,Randolf,Titcombe,rtitcombed4@furl.net,Polygender,249.205.79.14
474,Niccolo,Ledram,nledramd5@tripadvisor.com,Agender,176.37.195.204
475,Jennilee,Jira,jjirad6@japanpost.jp,Non-binary,17.111.181.130
476,Meghan,Pendell,mpendelld7@amazon.co.jp,Agender,11.99.142.152
477,Mendel,Rivenzon,mrivenzond8@jalbum.net,Male,75.214.215.30
478,Dick,Toogood,dtoogoodd9@adobe.com,Male,216.233.140.120
479,Selena,Bruineman,sbruinemanda@noaa.gov,Female,45.55.187.188
480,Maura,Rushbury,mrushburydb@tinyurl.com,Female,97.28.106.239
481,Dorrie,Winstanley,dwinstanleydc@ihg.com,Female,210.111.73.187
482,Shay,Bloxsome,sbloxsomedd@cafepress.com,Male,3.213.11.30
483,Woodie,Merrell,wmerrellde@noaa.gov,Male,77.103.12.23
484,Isiahi,Crafter,icrafterdf@craigslist.org,Male,89.70.189.36
485,Evonne,Gibbins,egibbinsdg@umn.edu,Genderfluid,184.249.142.131
486,Huntington,Hammarberg,hhammarbergdh@stumbleupon.com,Male,62.230.213.207
487,Kylie,Mathelon,kmathelondi@a8.net,Female,68.115.207.175
488,Bryn,Stoite,bstoitedj@google.es,Female,103.62.223.106
489,Freemon,Wybrow,fwybrowdk@chron.com,Male,114.213.172.69
490,Carlo,Skeeles,cskeelesdl@mlb.com,Male,112.136.97.151
491,Rutger,Decroix,rdecroixdm@networksolutions.com,Male,114.206.51.218
492,Carly,Oleszcuk,coleszcukdn@nps.gov,Male,124.22.176.29
493,Walt,Sprowson,wsprowsondo@hp.com,Male,66.1.91.16
494,Genni,Probets,gprobetsdp@whitehouse.gov,Female,14.204.212.3
495,Hi,Austins,haustinsdq@house.gov,Male,173.51.135.135
496,Clementine,Hurlin,churlindr@devhub.com,Female,31.159.59.235
497,Carroll,Culverhouse,cculverhouseds@comcast.net,Male,162.236.42.103
498,Darrin,Skull,dskulldt@woothemes.com,Male,29.189.68.156
499,Matthus,Poleykett,mpoleykettdu@ow.ly,Male,138.47.98.53
500,Eberto,Rouchy,erouchydv@army.mil,Male,45.143.20.231
501,Annabela,Heartfield,aheartfielddw@cnet.com,Female,101.86.64.109
502,Dun,Mort,dmortdx@pagesperso-orange.fr,Male,210.7.51.187
503,Aurthur,Fritchley,afritchleydy@xrea.com,Male,112.36.187.183
504,Tiler,Brenstuhl,tbrenstuhldz@army.mil,Male,65.157.38.78
505,Melvin,O'Caine,mocainee0@slashdot.org,Male,185.150.172.19
506,Fritz,Deans,fdeanse1@yelp.com,Male,151.221.45.45
507,Pavel,Deex,pdeexe2@arizona.edu,Male,122.80.159.148
508,Anna-diane,Cheater,acheatere3@umich.edu,Female,158.245.255.199
509,Perice,Bows,pbowse4@bloomberg.com,Male,157.245.168.96
510,Austen,Parkins,aparkinse5@elegantthemes.com,Agender,230.1.239.211
511,Wilton,Di Francesco,wdifrancescoe6@delicious.com,Male,188.52.187.45
512,Catina,Murrells,cmurrellse7@wufoo.com,Female,161.206.82.192
513,Kippy,Smyley,ksmyleye8@imageshack.us,Genderfluid,226.12.226.106
514,Nikki,Dienes,ndienese9@bbb.org,Male,159.190.89.153
515,Jude,Snare,jsnareea@phpbb.com,Male,123.5.237.219
516,Westley,Soulsby,wsoulsbyeb@google.fr,Male,27.124.18.253
517,Shermie,Trueman,struemanec@hud.gov,Male,82.48.32.62
518,Laura,Momery,lmomeryed@purevolume.com,Female,34.23.241.103
519,Drake,MacDermot,dmacdermotee@accuweather.com,Male,130.100.53.82
520,Elmore,Glander,eglanderef@dmoz.org,Male,134.182.72.169
521,Megan,Syphus,msyphuseg@simplemachines.org,Female,31.129.129.72
522,Tab,Claypool,tclaypooleh@jugem.jp,Male,16.196.183.198
523,Reynard,Larway,rlarwayei@hp.com,Agender,126.7.201.161
524,Georgiana,Keming,gkemingej@buzzfeed.com,Female,176.164.7.84
525,Patsy,Kirkman,pkirkmanek@xinhuanet.com,Genderfluid,68.228.48.182
526,Denys,Padly,dpadlyel@trellian.com,Female,42.217.171.53
527,Lolita,Dinnington,ldinningtonem@mail.ru,Female,74.36.134.246
528,Eryn,Hasel,ehaselen@blog.com,Female,137.106.141.182
529,Jarad,McCart,jmccarteo@icq.com,Male,75.75.36.88
530,Albie,Bruckenthal,abruckenthalep@bloglovin.com,Genderfluid,173.179.153.6
531,Cymbre,Ong,congeq@go.com,Female,154.211.221.13
532,Peggie,Schanke,pschankeer@spiegel.de,Female,17.83.2.135
533,Clyve,Kopec,ckopeces@mlb.com,Male,214.217.74.58
534,Cassondra,Wallwork,cwallworket@joomla.org,Female,129.77.10.168
535,Johnny,Stothert,jstotherteu@whitehouse.gov,Non-binary,67.98.121.176
536,Jae,Oherlihy,joherlihyev@mac.com,Male,82.18.243.54
537,Arlyne,Latey,alateyew@yandex.ru,Female,173.249.49.82
538,Ly,Belf,lbelfex@tuttocitta.it,Male,205.244.116.143
539,Ivy,Martello,imartelloey@wufoo.com,Female,233.144.29.207
540,Celestyna,Cadden,ccaddenez@wufoo.com,Female,230.165.122.158
541,Annnora,Hatz,ahatzf0@ebay.com,Female,96.196.17.76
542,Giselbert,Fowlie,gfowlief1@wix.com,Male,88.31.140.14
543,Kent,Rains,krainsf2@rediff.com,Non-binary,150.237.95.236
544,Celestyn,Streetley,cstreetleyf3@indiatimes.com,Female,32.173.210.119
545,Jo-ann,Bellew,jbellewf4@shop-pro.jp,Female,85.104.99.152
546,Gale,Litherborough,glitherboroughf5@auda.org.au,Female,154.213.154.237
547,Jodee,Scurrell,jscurrellf6@census.gov,Female,242.45.46.91
548,Domeniga,Shropsheir,dshropsheirf7@aol.com,Genderqueer,26.150.135.195
549,Wally,Gehrtz,wgehrtzf8@cisco.com,Female,12.93.107.6
550,Scarface,Reams,sreamsf9@nsw.gov.au,Male,32.100.178.232
551,Chucho,Wharf,cwharffa@jugem.jp,Male,169.46.171.190
552,Bibbye,Ferson,bfersonfb@usa.gov,Female,127.185.216.40
553,Darnell,Epps,deppsfc@eepurl.com,Genderfluid,132.196.224.87
554,Dun,Moral,dmoralfd@usatoday.com,Polygender,157.166.246.139
555,Even,McGlade,emcgladefe@yahoo.com,Male,23.82.74.139
556,Daren,Pichan,dpichanff@ow.ly,Male,213.51.162.228
557,Amelie,Conrard,aconrardfg@samsung.com,Female,145.179.172.56
558,Sharai,Rojas,srojasfh@mit.edu,Female,122.117.155.96
559,Garrott,Towell,gtowellfi@e-recht24.de,Male,121.213.203.90
560,Biron,Thorogood,bthorogoodfj@unc.edu,Male,208.72.193.177
561,Brooks,Erskin,berskinfk@nhs.uk,Male,215.215.206.25
562,Helen-elizabeth,Dillistone,hdillistonefl@auda.org.au,Female,216.205.125.54
563,Hazel,Goricke,hgorickefm@youtu.be,Female,184.32.239.53
564,Iona,Abella,iabellafn@symantec.com,Female,93.84.238.101
565,Valera,Dyerson,vdyersonfo@blogtalkradio.com,Female,219.179.157.188
566,Glynda,McNickle,gmcnicklefp@fda.gov,Female,245.136.252.241
567,Monty,Coweuppe,mcoweuppefq@walmart.com,Male,117.203.46.218
568,Ginger,Iaduccelli,giaduccellifr@list-manage.com,Male,108.103.240.128
569,Myriam,Capaldi,mcapaldifs@adobe.com,Female,175.111.24.60
570,Rodolphe,Klasing,rklasingft@fda.gov,Male,206.112.186.234
571,Welch,Pethick,wpethickfu@illinois.edu,Male,219.81.186.215
572,Caty,Hardware,chardwarefv@vimeo.com,Female,247.153.6.234
573,Axe,Belhomme,abelhommefw@lycos.com,Non-binary,233.58.28.110
574,Rubetta,Michiel,rmichielfx@flickr.com,Female,98.114.19.185
575,Rodge,Belliard,rbelliardfy@ebay.co.uk,Male,47.153.181.85
576,Jolyn,Sinclaire,jsinclairefz@tripod.com,Female,179.66.225.90
577,Edithe,Sousa,esousag0@nymag.com,Agender,254.43.242.73
578,Francyne,Pooly,fpoolyg1@wordpress.com,Female,127.32.109.223
579,Somerset,Dinnington,sdinningtong2@google.com.br,Male,200.14.28.20
580,Gregorius,Gilding,ggildingg3@ameblo.jp,Male,244.235.187.170
581,Carlynn,Glitherow,cglitherowg4@live.com,Female,75.102.21.81
582,Zacharias,Faley,zfaleyg5@msn.com,Male,145.17.74.229
583,Reagan,Kaman,rkamang6@google.ru,Male,214.127.95.173
584,Trumaine,Kenneford,tkennefordg7@xing.com,Male,255.16.197.171
585,Ninnette,Scarsbrick,nscarsbrickg8@nasa.gov,Female,4.142.186.236
586,Bren,Noads,bnoadsg9@networkadvertising.org,Male,251.62.76.221
587,Angil,McPaike,amcpaikega@cnbc.com,Female,45.164.124.17
588,Curt,O'Flaverty,coflavertygb@who.int,Male,77.159.178.240
589,Caleb,Lennarde,clennardegc@sohu.com,Male,175.94.145.1
590,Mason,Coppeard,mcoppeardgd@discuz.net,Male,67.119.181.233
591,Alene,Bousler,abouslerge@studiopress.com,Female,161.247.132.54
592,Nelson,Bedminster,nbedminstergf@sun.com,Male,109.163.231.239
593,Nicholas,Perott,nperottgg@goodreads.com,Male,235.176.163.116
594,Evelyn,Gorghetto,egorghettogh@com.com,Female,115.0.13.126
595,Shena,Beecheno,sbeechenogi@fda.gov,Female,39.207.193.114
596,Millisent,Jurisch,mjurischgj@unc.edu,Female,185.161.183.135
597,Kendrick,Pattemore,kpattemoregk@columbia.edu,Male,59.227.235.64
598,Mose,Morot,mmorotgl@china.com.cn,Male,100.151.18.31
599,Valeda,Lechelle,vlechellegm@dion.ne.jp,Polygender,73.251.198.190
600,Giacobo,Belly,gbellygn@cyberchimps.com,Male,45.205.78.216
601,Lise,Linkin,llinkingo@smh.com.au,Female,207.176.36.244
602,Celka,Pettko,cpettkogp@opera.com,Female,144.164.107.160
603,Curr,Stribbling,cstribblinggq@dagondesign.com,Male,130.199.252.76
604,Milty,Rowbotham,mrowbothamgr@salon.com,Male,238.133.237.184
605,Andrea,Fache,afachegs@nifty.com,Male,140.70.30.201
606,Gert,Rheam,grheamgt@ucsd.edu,Female,115.231.64.240
607,Olvan,Spoward,ospowardgu@hao123.com,Male,78.13.246.96
608,Niko,Hayer,nhayergv@networkadvertising.org,Male,227.65.156.140
609,Mariejeanne,Kurtis,mkurtisgw@census.gov,Female,35.54.143.144
610,Ariella,Vasilyev,avasilyevgx@edublogs.org,Female,212.67.49.41
611,Uriah,Kesey,ukeseygy@dion.ne.jp,Male,175.112.250.70
612,Daphna,Ilem,dilemgz@xrea.com,Female,195.87.193.60
613,Alister,Cramp,acramph0@networksolutions.com,Male,49.15.182.140
614,Star,MacAdam,smacadamh1@sourceforge.net,Female,134.123.248.132
615,Theda,Wanden,twandenh2@stanford.edu,Genderfluid,48.0.210.4
616,Sunshine,Dumphry,sdumphryh3@noaa.gov,Female,3.236.48.9
617,Dyanna,Helleker,dhellekerh4@artisteer.com,Female,11.214.17.191
618,Adel,Sackett,asacketth5@disqus.com,Female,111.239.228.233
619,Cullin,Mordaunt,cmordaunth6@adobe.com,Male,56.37.97.45
620,Reggi,Simnel,rsimnelh7@nyu.edu,Female,250.120.84.109
621,Carmencita,Huffey,chuffeyh8@spiegel.de,Female,152.188.82.23
622,Delmer,Hinksen,dhinksenh9@alibaba.com,Male,154.53.144.73
623,Tracy,Reinisch,treinischha@hp.com,Male,243.242.239.24
624,Alanson,Casserly,acasserlyhb@ihg.com,Male,157.82.240.164
625,Berna,Rowsell,browsellhc@1und1.de,Female,69.199.218.176
626,Fairlie,Bearns,fbearnshd@plala.or.jp,Male,192.192.192.211
627,Rois,Stamp,rstamphe@weebly.com,Female,74.253.225.12
628,Lonny,Eddowis,leddowishf@github.io,Male,164.250.30.114
629,Karin,Trotter,ktrotterhg@wikia.com,Female,199.4.221.181
630,Beth,Hinemoor,bhinemoorhh@friendfeed.com,Genderfluid,169.206.104.32
631,Jacquie,Muglestone,jmuglestonehi@newsvine.com,Agender,238.131.29.218
632,Cesaro,Coombe,ccoombehj@pbs.org,Male,159.196.140.170
633,Cherye,Scotson,cscotsonhk@de.vu,Female,147.222.164.16
634,Troy,Aaron,taaronhl@howstuffworks.com,Male,17.191.105.36
635,Virgie,Tripp,vtripphm@gizmodo.com,Female,246.189.235.2
636,Gavra,Baroche,gbarochehn@ca.gov,Female,178.113.203.1
637,Elia,Ferrara,eferraraho@nyu.edu,Genderqueer,252.254.133.194
638,Marlin,Worcester,mworcesterhp@mozilla.com,Male,204.3.225.242
639,Lazaro,Hecks,lheckshq@cyberchimps.com,Male,95.55.119.254
640,Esme,Buckner,ebucknerhr@skype.com,Male,188.252.151.236
641,Nara,McGahy,nmcgahyhs@samsung.com,Female,29.158.202.154
642,Cristina,Adelberg,cadelberght@ovh.net,Female,60.164.130.146
643,Adrienne,Esch,aeschhu@geocities.jp,Female,163.54.90.128
644,Hansiain,McCann,hmccannhv@woothemes.com,Male,88.247.243.148
645,Maxine,Merida,mmeridahw@phpbb.com,Female,230.165.69.253
646,Reeta,Pechell,rpechellhx@bloglovin.com,Female,227.5.185.119
647,Sissy,Burle,sburlehy@goodreads.com,Female,161.86.58.102
648,Jessica,Moncreiff,jmoncreiffhz@bloglovin.com,Female,63.131.160.134
649,Sisile,Ronchetti,sronchettii0@whitehouse.gov,Female,127.231.10.219
650,Kania,Shegog,kshegogi1@reverbnation.com,Female,76.166.24.10
651,Rollo,Oleksiak,roleksiaki2@economist.com,Male,206.50.143.226
652,Angele,Darte,adartei3@intel.com,Female,63.209.130.204
653,Robin,Maffia,rmaffiai4@unblog.fr,Male,60.12.5.206
654,Ludovika,Keller,lkelleri5@seattletimes.com,Female,4.211.140.108
655,Ailbert,Cloy,acloyi6@pagesperso-orange.fr,Male,169.122.153.192
656,Isis,Reynoollds,ireynoolldsi7@salon.com,Genderqueer,235.147.203.229
657,Finlay,Autrie,fautriei8@mayoclinic.com,Male,107.97.229.14
658,Dorita,O'Dowd,dodowdi9@comcast.net,Non-binary,164.147.158.2
659,Dudley,Erasmus,derasmusia@webs.com,Male,11.78.162.214
660,Roch,Bawdon,rbawdonib@umn.edu,Female,55.87.42.75
661,Christye,Patemore,cpatemoreic@webs.com,Female,72.19.105.11
662,Hart,Kleinschmidt,hkleinschmidtid@bloglovin.com,Male,20.15.31.147
663,Findlay,Churn,fchurnie@fc2.com,Male,59.144.64.49
664,Toiboid,Hucknall,thucknallif@wordpress.org,Male,222.235.207.86
665,Yolanda,Polgreen,ypolgreenig@gov.uk,Female,97.252.33.168
666,Luise,Nannetti,lnannettiih@cdbaby.com,Female,88.111.12.121
667,Holt,Atley,hatleyii@liveinternet.ru,Polygender,203.188.144.134
668,Linnea,Patinkin,lpatinkinij@mozilla.com,Female,251.134.243.81
669,Natal,Hyndson,nhyndsonik@house.gov,Male,216.139.118.64
670,Celinka,Ickov,cickovil@prweb.com,Female,147.210.42.177
671,Sondra,Marvell,smarvellim@over-blog.com,Female,45.5.32.208
672,Lynnea,Merrgan,lmerrganin@miibeian.gov.cn,Female,54.236.42.47
673,Taryn,McCawley,tmccawleyio@gnu.org,Female,182.0.90.150
674,Alina,Bruckstein,abrucksteinip@hostgator.com,Female,253.218.26.35
675,Twyla,Shearn,tshearniq@domainmarket.com,Non-binary,3.193.254.67
676,Lisette,Denmead,ldenmeadir@mapy.cz,Female,204.234.215.5
677,Drona,Giddins,dgiddinsis@bizjournals.com,Female,62.249.91.27
678,Shanna,Spelling,sspellingit@biglobe.ne.jp,Female,35.67.143.84
679,Hedi,Comiam,hcomiamiu@uol.com.br,Female,8.182.240.141
680,Fionna,Girhard,fgirhardiv@foxnews.com,Female,221.87.86.140
681,Cammy,Titcombe,ctitcombeiw@pbs.org,Male,46.0.100.128
682,Marya,Chainey,mchaineyix@google.com.hk,Female,189.21.89.151
683,Bess,Espinas,bespinasiy@dion.ne.jp,Female,200.207.68.216
684,Robbert,Mateescu,rmateescuiz@elpais.com,Male,248.32.137.40
685,Olwen,Nollet,onolletj0@nature.com,Female,245.196.153.182
686,Ricard,Slograve,rslogravej1@skyrock.com,Male,169.150.107.187
687,Valentine,Elgram,velgramj2@princeton.edu,Female,63.5.137.219
688,Griselda,Wickett,gwickettj3@ustream.tv,Agender,25.22.58.201
689,Dan,McClifferty,dmccliffertyj4@fda.gov,Polygender,87.155.30.90
690,Hilliard,Lempenny,hlempennyj5@samsung.com,Male,131.71.168.77
691,Fredric,Quilliam,fquilliamj6@theatlantic.com,Male,67.45.170.231
692,Bran,Fleay,bfleayj7@baidu.com,Male,135.24.157.37
693,Winnie,Sandars,wsandarsj8@newyorker.com,Male,18.115.144.227
694,Madeleine,Blaes,mblaesj9@shop-pro.jp,Female,105.248.102.194
695,Ula,Acres,uacresja@naver.com,Female,76.246.11.21
696,Dede,Colby,dcolbyjb@vimeo.com,Female,241.200.173.103
697,Jone,de Almeida,jdealmeidajc@un.org,Male,57.244.130.116
698,Carlie,Purvis,cpurvisjd@twitpic.com,Male,109.229.197.4
699,Monti,Rushman,mrushmanje@cargocollective.com,Male,181.219.31.23
700,Katie,Kleingrub,kkleingrubjf@prnewswire.com,Female,1.114.26.135
701,Dominic,Mate,dmatejg@friendfeed.com,Male,34.120.244.32
702,Bing,Rhydderch,brhydderchjh@posterous.com,Male,132.166.136.246
703,Natividad,Mizen,nmizenji@oaic.gov.au,Female,103.129.102.168
704,Ludvig,Fores,lforesjj@washington.edu,Male,107.225.71.161
705,Margarita,Sokell,msokelljk@nhs.uk,Female,152.93.149.55
706,Dan,Nelissen,dnelissenjl@friendfeed.com,Male,63.66.196.128
707,Florella,Boggon,fboggonjm@mayoclinic.com,Female,213.18.86.186
708,Wrennie,Giacoppoli,wgiacoppolijn@bbc.co.uk,Genderfluid,17.145.100.151
709,Ingemar,Arsey,iarseyjo@ebay.co.uk,Male,232.122.58.153
710,Tamas,Sahnow,tsahnowjp@nbcnews.com,Male,147.200.176.114
711,Worthington,Allflatt,wallflattjq@sogou.com,Male,251.160.76.152
712,Elissa,Reardon,ereardonjr@sina.com.cn,Female,123.93.222.14
713,Jordon,Parley,jparleyjs@infoseek.co.jp,Male,246.229.82.159
714,Katha,Pittendreigh,kpittendreighjt@springer.com,Polygender,37.73.172.96
715,Odella,Manhood,omanhoodju@reddit.com,Genderqueer,146.126.117.249
716,Rutherford,Van de Castele,rvandecastelejv@sitemeter.com,Male,199.6.108.50
717,Roseanne,Bounds,rboundsjw@skyrock.com,Female,211.241.84.158
718,Cobbie,Beveridge,cbeveridgejx@reference.com,Male,189.4.31.1
719,Dael,Sandwick,dsandwickjy@msn.com,Male,240.133.78.56
720,Myrwyn,Salzberg,msalzbergjz@house.gov,Male,62.101.88.14
721,Remus,Prahl,rprahlk0@fc2.com,Male,57.151.255.227
722,Ashlin,Purrington,apurringtonk1@macromedia.com,Male,252.53.230.217
723,Niko,Frotton,nfrottonk2@shinystat.com,Male,65.159.104.56
724,Sandor,Koles,skolesk3@sakura.ne.jp,Male,58.50.66.191
725,Katheryn,O'Dreain,kodreaink4@indiatimes.com,Female,87.133.123.226
726,John,Burditt,jburdittk5@livejournal.com,Male,12.166.62.129
727,Noble,Donne,ndonnek6@1und1.de,Male,20.43.230.92
728,Bryon,Bargery,bbargeryk7@ycombinator.com,Male,23.231.57.142
729,Mackenzie,Bradly,mbradlyk8@gnu.org,Male,29.35.45.8
730,Rolfe,Murfett,rmurfettk9@sitemeter.com,Male,238.13.129.63
731,Bartholomew,Cosgry,bcosgryka@economist.com,Male,154.221.159.133
732,Clair,Hirche,chirchekb@fema.gov,Female,57.23.18.211
733,Bliss,Kohrding,bkohrdingkc@army.mil,Female,204.17.157.67
734,Ricardo,Kacheller,rkachellerkd@baidu.com,Male,215.67.221.141
735,Antin,Betjes,abetjeske@senate.gov,Male,137.118.207.82
736,Lydon,McDugal,lmcdugalkf@irs.gov,Agender,49.139.90.93
737,Crichton,Jellico,cjellicokg@macromedia.com,Male,244.200.211.246
738,Carver,O'Loinn,coloinnkh@whitehouse.gov,Male,74.23.248.189
739,Way,Philipsson,wphilipssonki@yellowbook.com,Male,217.37.10.132
740,Bernie,Hickford,bhickfordkj@disqus.com,Female,102.85.77.234
741,Boy,McMillan,bmcmillankk@usgs.gov,Male,64.208.92.231
742,Donovan,Donan,ddonankl@nymag.com,Male,7.130.121.244
743,Izaak,Yarnall,iyarnallkm@statcounter.com,Male,60.242.185.80
744,Pippo,Vanezis,pvaneziskn@npr.org,Agender,40.157.123.108
745,Lorinda,Mapother,lmapotherko@mashable.com,Female,63.206.15.204
746,Dione,Gabbitas,dgabbitaskp@forbes.com,Female,110.204.222.137
747,Amalle,Roskrug,aroskrugkq@usda.gov,Female,14.180.119.193
748,Geri,Scargle,gscarglekr@feedburner.com,Female,23.251.139.173
749,Cloris,Hruska,chruskaks@scientificamerican.com,Female,175.184.209.47
750,Killie,Layson,klaysonkt@time.com,Male,17.184.33.20
751,Jard,Dottridge,jdottridgeku@japanpost.jp,Male,174.198.242.136
752,Donna,Thibodeaux,dthibodeauxkv@over-blog.com,Female,219.240.175.108
753,Arney,Cottham,acotthamkw@bing.com,Male,43.68.72.187
754,Hobie,Lansdale,hlansdalekx@google.fr,Male,106.129.77.173
755,Caron,Kirkebye,ckirkebyeky@psu.edu,Female,25.14.74.166
756,Ardelle,McSherry,amcsherrykz@bigcartel.com,Female,67.5.168.114
757,Gaspard,Dutchburn,gdutchburnl0@google.com.hk,Male,154.31.211.167
758,Yehudi,Matz,ymatzl1@themeforest.net,Male,176.178.110.80
759,Modesta,Minget,mmingetl2@mapy.cz,Female,197.216.65.228
760,Nadine,Rutland,nrutlandl3@meetup.com,Female,39.30.246.214
761,Valry,Rule,vrulel4@archive.org,Female,4.24.210.171
762,Ariadne,Topp,atoppl5@npr.org,Female,59.3.109.47
763,Rutger,Celez,rcelezl6@google.de,Male,127.218.249.244
764,Meris,Suller,msullerl7@discovery.com,Female,58.77.38.63
765,Alic,Hakonsson,ahakonssonl8@miibeian.gov.cn,Genderqueer,203.251.174.132
766,Cordi,Osichev,cosichevl9@mit.edu,Female,3.53.41.219
767,Berri,Raise,braisela@com.com,Female,142.229.93.118
768,Fawne,Sames,fsameslb@npr.org,Female,114.200.1.160
769,Pasquale,Orteu,porteulc@xing.com,Male,136.65.89.243
770,Gusta,Lurcock,glurcockld@jigsy.com,Female,89.196.45.94
771,Neall,MacAnelley,nmacanelleyle@list-manage.com,Male,246.125.31.244
772,Tamar,Nunan,tnunanlf@techcrunch.com,Female,232.92.48.250
773,Johann,McDougle,jmcdouglelg@posterous.com,Male,9.127.125.92
774,Jamaal,Yes,jyeslh@goo.gl,Male,34.108.245.187
775,Lorant,Bener,lbenerli@hibu.com,Male,171.207.106.23
776,Brooks,Burt,bburtlj@furl.net,Male,182.43.248.196
777,Lotte,Benninck,lbennincklk@nature.com,Female,161.84.25.95
778,Filide,Maskall,fmaskallll@accuweather.com,Female,180.127.96.77
779,Bancroft,Parminter,bparminterlm@wordpress.com,Male,126.110.233.199
780,Sofia,Honisch,shonischln@addthis.com,Female,239.17.156.22
781,Debby,Bruggeman,dbruggemanlo@telegraph.co.uk,Female,83.164.80.57
782,Raddie,Pfeiffer,rpfeifferlp@npr.org,Male,112.143.14.250
783,Cleopatra,Dight,cdightlq@adobe.com,Female,128.43.248.61
784,Merill,Tamplin,mtamplinlr@amazon.de,Male,196.225.34.170
785,Tony,Cocke,tcockels@whitehouse.gov,Male,9.4.219.38
786,Frannie,Ubsdall,fubsdalllt@tmall.com,Male,100.173.128.198
787,Cristiano,Dobrovolski,cdobrovolskilu@hugedomains.com,Male,151.168.236.72
788,Lurleen,Lamperd,llamperdlv@wikispaces.com,Female,21.242.97.24
789,Jasmine,Lyver,jlyverlw@nba.com,Female,197.208.240.171
790,Dalston,Fellos,dfelloslx@sun.com,Male,227.25.66.214
791,Angie,Dallison,adallisonly@mlb.com,Female,147.223.79.18
792,Major,Fullom,mfullomlz@prweb.com,Male,221.249.244.200
793,Velvet,Evreux,vevreuxm0@barnesandnoble.com,Female,125.62.227.53
794,Zorina,Tommasetti,ztommasettim1@arizona.edu,Polygender,243.75.115.69
795,Cesya,Hanmer,chanmerm2@technorati.com,Genderqueer,53.38.199.34
796,Nigel,Dametti,ndamettim3@home.pl,Male,103.138.88.159
797,Toddie,Lindner,tlindnerm4@harvard.edu,Male,162.164.196.38
798,Beale,Geerdts,bgeerdtsm5@youku.com,Male,206.130.56.85
799,Shani,Arnecke,sarneckem6@icio.us,Female,36.4.7.17
800,Kalli,McTurk,kmcturkm7@tmall.com,Female,20.52.204.90
801,Trent,Hickenbottom,thickenbottomm8@networkadvertising.org,Male,22.51.253.235
802,Nobie,Vondruska,nvondruskam9@cyberchimps.com,Male,163.203.71.143
803,Cirillo,Feuell,cfeuellma@cam.ac.uk,Male,248.115.159.124
804,Enrika,Dronsfield,edronsfieldmb@123-reg.co.uk,Female,225.205.73.37
805,Heda,Hakeworth,hhakeworthmc@myspace.com,Female,219.236.51.80
806,Bard,Hillin,bhillinmd@odnoklassniki.ru,Male,146.21.31.86
807,Hobie,Innot,hinnotme@webeden.co.uk,Male,193.4.115.201
808,Lexie,Klimke,lklimkemf@webnode.com,Female,168.42.159.59
809,Barnabas,Castles,bcastlesmg@columbia.edu,Male,61.135.31.74
810,Rockie,Grevile,rgrevilemh@elegantthemes.com,Male,61.91.8.11
811,Elwira,Timcke,etimckemi@businessinsider.com,Agender,2.100.196.230
812,Chariot,Basey,cbaseymj@weather.com,Male,180.19.18.104
813,Salomone,Himsworth,shimsworthmk@timesonline.co.uk,Male,11.45.223.252
814,Claire,Miguel,cmiguelml@goo.gl,Female,60.22.37.96
815,Rosemonde,Riccardo,rriccardomm@nymag.com,Female,151.60.65.164
816,Rosalie,Pearlman,rpearlmanmn@facebook.com,Female,62.55.144.78
817,Bethina,Romanelli,bromanellimo@facebook.com,Female,99.62.197.127
818,Mahalia,Mulder,mmuldermp@xinhuanet.com,Female,27.29.100.111
819,Nanni,Stansbury,nstansburymq@umich.edu,Female,16.135.60.186
820,Marten,Rushbrook,mrushbrookmr@feedburner.com,Male,31.208.98.69
821,Reese,Bartolomeotti,rbartolomeottims@economist.com,Male,103.58.172.214
822,Sharai,Foreman,sforemanmt@pbs.org,Female,100.128.70.189
823,Byran,Simic,bsimicmu@over-blog.com,Male,227.112.139.71
824,Ethan,Wrout,ewroutmv@ifeng.com,Male,180.213.168.39
825,Skell,Hatwell,shatwellmw@google.com.hk,Male,217.109.72.32
826,La verne,Hillin,lhillinmx@cdbaby.com,Agender,2.226.80.86
827,Chariot,Wren,cwrenmy@privacy.gov.au,Male,146.150.25.104
828,Alyce,Trusty,atrustymz@illinois.edu,Female,226.207.217.66
829,Gloriana,Artin,gartinn0@ftc.gov,Genderqueer,148.45.63.144
830,Ericka,Verchambre,everchambren1@amazonaws.com,Female,27.44.135.175
831,Earlie,McIvor,emcivorn2@youtu.be,Male,116.169.117.91
832,Fonz,Longmead,flongmeadn3@live.com,Male,111.56.153.152
833,Rubin,Duckerin,rduckerinn4@ycombinator.com,Male,35.42.48.19
834,Lurline,Gittens,lgittensn5@umn.edu,Female,207.53.212.110
835,Cecilio,Roome,croomen6@redcross.org,Male,166.33.136.198
836,Franny,Sarney,fsarneyn7@java.com,Male,9.222.248.203
837,Donni,Moyle,dmoylen8@weibo.com,Female,163.89.66.74
838,Margy,Tuckey,mtuckeyn9@bbb.org,Female,127.249.26.125
839,Fletch,Estevez,festevezna@businessinsider.com,Male,215.113.255.146
840,Lindi,Cicchinelli,lcicchinellinb@woothemes.com,Female,42.146.28.114
841,Rosaline,Shippam,rshippamnc@hhs.gov,Female,180.253.114.193
842,Leta,Kleine,lkleinend@nih.gov,Female,48.241.9.254
843,August,Paolotto,apaolottone@amazon.com,Male,55.188.235.76
844,Adham,Jorcke,ajorckenf@ucoz.com,Male,127.6.13.62
845,Marne,Tippin,mtippinng@naver.com,Female,165.42.7.84
846,Dierdre,Woolard,dwoolardnh@sina.com.cn,Female,52.218.211.135
847,Cacilia,Tudgay,ctudgayni@chron.com,Female,169.220.193.120
848,Cthrine,Lownsbrough,clownsbroughnj@youtu.be,Female,221.177.237.46
849,Jeffie,Aizkovitch,jaizkovitchnk@booking.com,Male,151.141.82.225
850,Kori,Trebble,ktrebblenl@intel.com,Female,172.76.135.78
851,Carlita,Easterling,ceasterlingnm@oakley.com,Non-binary,140.110.68.14
852,Pooh,Fenich,pfenichnn@t.co,Male,32.150.36.164
853,Brnaby,D'Ruel,bdruelno@miitbeian.gov.cn,Male,22.142.218.133
854,Tracey,Jonuzi,tjonuzinp@unblog.fr,Genderqueer,204.73.254.31
855,Virgina,Dyott,vdyottnq@smh.com.au,Female,116.79.3.79
856,Bartholemy,Bridgens,bbridgensnr@miitbeian.gov.cn,Male,90.116.183.191
857,Percy,Bahde,pbahdens@bloglovin.com,Genderqueer,18.196.48.55
858,Beverley,Satchel,bsatchelnt@scientificamerican.com,Female,174.115.215.166
859,Matt,McGrane,mmcgranenu@washingtonpost.com,Non-binary,114.68.137.235
860,Austin,Pettko,apettkonv@sciencedirect.com,Male,11.60.244.193
861,Joella,Wytchard,jwytchardnw@ox.ac.uk,Female,13.227.100.246
862,Joelle,Hassekl,jhasseklnx@weather.com,Female,40.102.174.8
863,Roger,Skally,rskallyny@booking.com,Male,178.233.209.206
864,Sallyann,McEniry,smcenirynz@drupal.org,Female,113.127.71.92
865,Latrena,McEvay,lmcevayo0@hatena.ne.jp,Polygender,170.202.98.73
866,Dore,Playhill,dplayhillo1@posterous.com,Male,166.185.105.150
867,Daphne,Fowgies,dfowgieso2@yellowpages.com,Female,143.185.214.186
868,Melvin,Succamore,msuccamoreo3@shinystat.com,Male,179.185.12.247
869,Ban,Grestie,bgrestieo4@icq.com,Male,222.207.114.190
870,Onofredo,Weaben,oweabeno5@netlog.com,Male,172.53.49.181
871,Ben,Giraldez,bgiraldezo6@nih.gov,Male,216.213.191.244
872,Winna,Tabert,wtaberto7@netscape.com,Female,254.165.211.129
873,Carri,Simonin,csimonino8@usnews.com,Female,203.103.227.58
874,Tracy,Lutz,tlutzo9@t.co,Female,245.30.41.202
875,Inger,Rendell,irendelloa@infoseek.co.jp,Genderqueer,168.231.21.221
876,Catlaina,Snodden,csnoddenob@hubpages.com,Female,31.27.137.193
877,Clayton,Gelletly,cgelletlyoc@weebly.com,Male,1.52.157.79
878,Donielle,Jurasek,djurasekod@netvibes.com,Female,198.124.112.70
879,Brandy,Hurndall,bhurndalloe@buzzfeed.com,Female,17.37.254.109
880,Denice,Worshall,dworshallof@comcast.net,Female,225.53.45.50
881,Correy,Hockey,chockeyog@t-online.de,Female,243.157.57.154
882,Torre,Lammiman,tlammimanoh@wufoo.com,Male,212.168.143.180
883,Florette,Wolledge,fwolledgeoi@google.fr,Female,167.206.104.167
884,Amalia,Cicutto,acicuttooj@foxnews.com,Female,37.11.202.2
885,Amata,Ollis,aollisok@wikia.com,Female,229.249.76.159
886,Claudio,Brimilcombe,cbrimilcombeol@dyndns.org,Bigender,85.32.159.87
887,Dory,Imore,dimoreom@t-online.de,Female,51.255.16.34
888,Lowrance,Palin,lpalinon@ftc.gov,Male,151.43.229.113
889,Alisha,Ondrich,aondrichoo@bloglovin.com,Polygender,187.236.188.156
890,Daniel,MacMorland,dmacmorlandop@reverbnation.com,Male,106.90.187.225
891,Mil,Tupling,mtuplingoq@hibu.com,Female,66.135.116.237
892,Edsel,Wermerling,ewermerlingor@chicagotribune.com,Male,118.70.69.18
893,Madelyn,Zorzini,mzorzinios@sakura.ne.jp,Female,124.146.120.62
894,Berky,Kilbourne,bkilbourneot@mediafire.com,Male,137.187.56.93
895,Ekaterina,Edmeades,eedmeadesou@nsw.gov.au,Female,140.112.28.189
896,Gaven,Conroy,gconroyov@java.com,Male,47.173.88.169
897,Shannen,Dickenson,sdickensonow@nydailynews.com,Female,56.47.232.185
898,Wadsworth,Bogie,wbogieox@imdb.com,Male,95.69.254.253
899,Cassey,Draaisma,cdraaismaoy@europa.eu,Female,38.10.132.15
900,Anatole,Doig,adoigoz@comsenz.com,Male,85.140.78.236
901,Neila,Oldacre,noldacrep0@gmpg.org,Genderfluid,239.205.175.41
902,Filmore,McEwen,fmcewenp1@issuu.com,Male,224.124.69.148
903,Torre,Dockrey,tdockreyp2@geocities.com,Male,104.193.140.112
904,Karla,Prangnell,kprangnellp3@mtv.com,Female,180.95.107.195
905,Ketty,Jurek,kjurekp4@opera.com,Female,238.161.227.252
906,Malinde,Willes,mwillesp5@bluehost.com,Female,214.169.1.91
907,Eugenia,Davis,edavisp6@addthis.com,Female,40.165.198.142
908,Mandel,Coorington,mcooringtonp7@arstechnica.com,Male,77.77.136.124
909,Broddie,Simes,bsimesp8@etsy.com,Male,104.100.196.18
910,Rosa,Crinidge,rcrinidgep9@facebook.com,Female,10.58.36.215
911,Davidde,Hawkes,dhawkespa@yandex.ru,Male,118.213.65.170
912,Bud,Carff,bcarffpb@wikia.com,Male,163.5.120.82
913,Jedediah,O'Hallagan,johallaganpc@uiuc.edu,Male,100.69.81.20
914,Lexi,Bassingden,lbassingdenpd@sphinn.com,Female,248.167.56.122
915,Brenda,Cocke,bcockepe@mysql.com,Female,238.61.169.175
916,Cory,Robertelli,crobertellipf@sciencedaily.com,Male,222.204.152.37
917,Ange,Cayet,acayetpg@army.mil,Male,140.235.125.22
918,Krystyna,Banks,kbanksph@trellian.com,Bigender,204.210.125.172
919,Lita,Yelden,lyeldenpi@freewebs.com,Female,231.24.239.4
920,Randie,Levine,rlevinepj@yale.edu,Male,34.85.47.172
921,Correy,Sewall,csewallpk@blogtalkradio.com,Female,230.98.63.113
922,Warren,Mulles,wmullespl@china.com.cn,Non-binary,4.98.167.222
923,Fergus,Rubinow,frubinowpm@hud.gov,Male,167.64.112.83
924,Gordan,Reichert,greichertpn@clickbank.net,Male,74.47.78.47
925,Kristian,Keeling,kkeelingpo@goo.gl,Male,72.16.42.213
926,Hinze,Scurrell,hscurrellpp@tumblr.com,Male,243.27.139.51
927,Maribeth,Collumbell,mcollumbellpq@seesaa.net,Bigender,131.131.7.103
928,Silvana,Gudeman,sgudemanpr@alexa.com,Female,101.61.199.49
929,Gui,Cristea,gcristeaps@chicagotribune.com,Female,5.138.134.157
930,Midge,McChruiter,mmcchruiterpt@t-online.de,Female,166.173.199.84
931,Benjamen,Maitland,bmaitlandpu@ning.com,Male,179.20.103.168
932,Tine,Deniskevich,tdeniskevichpv@slashdot.org,Female,145.44.139.136
933,Huntley,Gentric,hgentricpw@123-reg.co.uk,Male,6.18.50.164
934,Erskine,Breheny,ebrehenypx@dell.com,Male,43.139.115.145
935,Shelli,Rosenblatt,srosenblattpy@networkadvertising.org,Female,72.113.1.13
936,Val,Cooke,vcookepz@comcast.net,Male,109.143.217.99
937,Angelika,Addicote,aaddicoteq0@rakuten.co.jp,Female,159.60.46.155
938,Allyson,Drew-Clifton,adrewcliftonq1@craigslist.org,Female,14.247.121.21
939,Walther,Nursey,wnurseyq2@google.ru,Male,63.57.91.253
940,Kaycee,Rape,krapeq3@oaic.gov.au,Female,227.178.104.90
941,Mathias,Hallsworth,mhallsworthq4@gravatar.com,Male,168.195.179.9
942,Cicily,Salzberg,csalzbergq5@nba.com,Female,208.121.107.31
943,Hamid,Emmett,hemmettq6@constantcontact.com,Male,200.5.133.95
944,Denna,Dolling,ddollingq7@businessinsider.com,Female,226.98.109.236
945,Aurelie,Wabey,awabeyq8@cocolog-nifty.com,Bigender,162.26.67.26
946,Norah,Oxborrow,noxborrowq9@mediafire.com,Female,236.36.64.215
947,Dwight,Lipscombe,dlipscombeqa@utexas.edu,Male,101.224.85.77
948,Fayina,Andor,fandorqb@ftc.gov,Female,178.5.29.146
949,Jackson,Pache,jpacheqc@dot.gov,Male,25.88.32.185
950,Brenna,Yewen,byewenqd@fotki.com,Bigender,29.219.214.103
951,Ricoriki,Verrills,rverrillsqe@yolasite.com,Male,67.183.22.140
952,Emelina,Wrintmore,ewrintmoreqf@soundcloud.com,Bigender,65.96.74.36
953,Flin,Eivers,feiversqg@technorati.com,Male,0.209.227.135
954,Lowrance,Davley,ldavleyqh@4shared.com,Male,12.19.126.20
955,Graehme,Yeskin,gyeskinqi@github.io,Male,57.49.121.31
956,Ella,Kenderdine,ekenderdineqj@bizjournals.com,Female,46.199.74.112
957,Dunn,Sans,dsansqk@adobe.com,Male,50.137.161.132
958,Jehanna,Lovelace,jlovelaceql@omniture.com,Female,90.14.203.143
959,Moritz,Jenicke,mjenickeqm@businesswire.com,Male,252.108.24.1
960,Hube,Cripps,hcrippsqn@eventbrite.com,Male,44.199.167.101
961,Doe,Dyet,ddyetqo@latimes.com,Female,142.34.250.7
962,Danni,Gave,dgaveqp@opensource.org,Female,254.72.118.171
963,Page,Woolford,pwoolfordqq@weather.com,Male,34.47.36.109
964,Latrena,Issitt,lissittqr@prlog.org,Female,150.182.36.7
965,Beaufort,Server,bserverqs@bigcartel.com,Male,51.69.180.168
966,Peg,Caulliere,pcaulliereqt@mozilla.org,Female,245.109.98.128
967,Stace,Summons,ssummonsqu@webmd.com,Female,43.179.132.135
968,Marc,Fredy,mfredyqv@cyberchimps.com,Male,83.31.206.244
969,Katalin,Corkhill,kcorkhillqw@wordpress.org,Female,165.215.19.173
970,Dominga,Frenchum,dfrenchumqx@illinois.edu,Female,110.203.39.96
971,Davey,Grigoryev,dgrigoryevqy@nsw.gov.au,Male,211.67.177.109
972,Moselle,Belle,mbelleqz@g.co,Female,204.204.56.172
973,Kari,Triplett,ktriplettr0@sina.com.cn,Female,122.218.45.248
974,Dionysus,Whiteland,dwhitelandr1@facebook.com,Male,40.222.79.232
975,Sharl,Dutson,sdutsonr2@scientificamerican.com,Female,168.31.223.206
976,Roy,Brownill,rbrownillr3@weather.com,Male,219.178.240.105
977,Erica,Allsop,eallsopr4@vkontakte.ru,Female,106.207.153.124
978,Melanie,Matiashvili,mmatiashvilir5@paginegialle.it,Female,82.58.42.213
979,Isidor,Murrish,imurrishr6@tripadvisor.com,Male,200.182.205.252
980,Siana,Happel,shappelr7@blogger.com,Female,77.145.241.151
981,Concettina,Beckensall,cbeckensallr8@hatena.ne.jp,Female,17.149.25.36
982,Stephanie,Staton,sstatonr9@youku.com,Female,87.169.100.33
983,Tanny,Volage,tvolagera@irs.gov,Male,99.148.26.101
984,Maximilien,Asplin,masplinrb@dailymail.co.uk,Non-binary,172.32.197.126
985,Lizzie,Foad,lfoadrc@sciencedirect.com,Female,122.152.101.121
986,Bud,Mackett,bmackettrd@independent.co.uk,Male,207.255.2.179
987,Laural,Witcomb,lwitcombre@buzzfeed.com,Female,36.50.17.91
988,Colby,Brassill,cbrassillrf@tripadvisor.com,Male,125.29.107.80
989,Amity,Royl,aroylrg@flickr.com,Female,114.110.19.193
990,Dalton,Rassell,drassellrh@umich.edu,Male,73.33.196.143
991,Pernell,MacCollom,pmaccollomri@ustream.tv,Male,90.21.8.202
992,Emma,Gowdie,egowdierj@wordpress.org,Female,169.161.85.55
993,Allister,Yewdall,ayewdallrk@wsj.com,Genderqueer,251.75.199.77
994,Augustine,Kropach,akropachrl@webeden.co.uk,Female,17.48.253.17
995,Peyton,Confort,pconfortrm@over-blog.com,Male,231.85.48.73
996,Arley,Battison,abattisonrn@histats.com,Male,195.241.28.207
997,Osbourn,Likly,oliklyro@ftc.gov,Male,58.52.183.191
998,Xerxes,Brayn,xbraynrp@oracle.com,Male,81.80.249.162
999,Sapphira,Bleier,sbleierrq@salon.com,Female,73.63.176.190
1000,Berry,Snoden,bsnodenrr@squarespace.com,Female,13.83.186.8
